{"cameraMode":{"drawMode":0,"name":"Shaded","section":"Shading Mode"},"sceneLighting":true,"audioPlay":false,"sceneViewState":{"showFog":true,"showMaterialUpdate":false,"showSkybox":true,"showFlares":true,"showImageEffects":true,"showParticleSystems":true},"in2DMode":false,"pivot":{"x":-6.999930381774902,"y":64.49735260009766,"z":-98.38615417480469},"rotation":{"x":0.10790416598320008,"y":0.05960819497704506,"z":-0.006480804178863764,"w":0.9923548698425293},"size":56.88152313232422,"orthographic":false}