{"cameraMode":{"drawMode":0,"name":"Shaded","section":"Shading Mode"},"sceneLighting":true,"audioPlay":false,"sceneViewState":{"showFog":true,"showMaterialUpdate":false,"showSkybox":true,"showFlares":true,"showImageEffects":true,"showParticleSystems":true},"in2DMode":false,"pivot":{"x":0.25191450119018557,"y":13.08699893951416,"z":-8.202799797058106},"rotation":{"x":-0.0557529591023922,"y":0.944125235080719,"z":-0.2373669147491455,"w":-0.22175702452659608},"size":18.41938018798828,"orthographic":false}