{"cameraMode":{"drawMode":0,"name":"Shaded","section":"Shading Mode"},"sceneLighting":false,"audioPlay":false,"sceneViewState":{"showFog":true,"showMaterialUpdate":true,"showSkybox":true,"showFlares":true,"showImageEffects":true,"showParticleSystems":true},"in2DMode":false,"pivot":{"x":-15.733015060424805,"y":-44.59263610839844,"z":-67.71803283691406},"rotation":{"x":0.4009036123752594,"y":-0.1065143495798111,"z":0.046992599964141849,"w":0.9086952209472656},"size":109.12353515625,"orthographic":false}