{"cameraMode":{"drawMode":0,"name":"Shaded","section":"Shading Mode"},"sceneLighting":false,"audioPlay":false,"sceneViewState":{"showFog":true,"showMaterialUpdate":true,"showSkybox":true,"showFlares":true,"showImageEffects":true,"showParticleSystems":true},"in2DMode":false,"pivot":{"x":-6.805196285247803,"y":-3.6575844287872316,"z":-63.83632278442383},"rotation":{"x":-0.2070516049861908,"y":0.047523126006126407,"z":-0.0100704999640584,"w":-0.9771263599395752},"size":15.756974220275879,"orthographic":false}