{"cameraMode":{"drawMode":0,"name":"Shaded","section":"Shading Mode"},"sceneLighting":false,"audioPlay":false,"sceneViewState":{"showFog":true,"showMaterialUpdate":true,"showSkybox":true,"showFlares":true,"showImageEffects":true,"showParticleSystems":true},"in2DMode":false,"pivot":{"x":-21.603923797607423,"y":-0.6198091506958008,"z":-121.09255981445313},"rotation":{"x":-0.36933720111846926,"y":-0.007808784954249859,"z":0.0031033584382385017,"w":-0.9292582869529724},"size":41.58151626586914,"orthographic":false}