{"cameraMode":{"drawMode":0,"name":"Shaded","section":"Shading Mode"},"sceneLighting":false,"audioPlay":false,"sceneViewState":{"showFog":true,"showMaterialUpdate":true,"showSkybox":true,"showFlares":true,"showImageEffects":true,"showParticleSystems":true},"in2DMode":false,"pivot":{"x":-14.5,"y":-1.070000171661377,"z":-156.52999877929688},"rotation":{"x":-0.013232236728072167,"y":0.2860181927680969,"z":-0.003949970938265324,"w":-0.9581254720687866},"size":10.531169891357422,"orthographic":false}