{"cameraMode":{"drawMode":0,"name":"Shaded","section":"Shading Mode"},"sceneLighting":false,"audioPlay":false,"sceneViewState":{"showFog":true,"showMaterialUpdate":true,"showSkybox":true,"showFlares":true,"showImageEffects":true,"showParticleSystems":true},"in2DMode":false,"pivot":{"x":-18.906139373779298,"y":-0.8657772541046143,"z":-45.39605712890625},"rotation":{"x":-0.08857358247041702,"y":-0.051675137132406238,"z":0.004601433407515287,"w":-0.9947175979614258},"size":14.575272560119629,"orthographic":false}