{"cameraMode":{"drawMode":0,"name":"Shaded","section":"Shading Mode"},"sceneLighting":false,"audioPlay":false,"sceneViewState":{"showFog":true,"showMaterialUpdate":true,"showSkybox":true,"showFlares":true,"showImageEffects":true,"showParticleSystems":true},"in2DMode":false,"pivot":{"x":-31.162912368774415,"y":-14.522109985351563,"z":-62.31986618041992},"rotation":{"x":-0.27373895049095156,"y":0.17817239463329316,"z":-0.05168014392256737,"w":-0.9437431693077087},"size":67.87992095947266,"orthographic":false}