{"cameraMode":{"drawMode":0,"name":"Shaded","section":"Shading Mode"},"sceneLighting":false,"audioPlay":false,"sceneViewState":{"showFog":true,"showMaterialUpdate":true,"showSkybox":true,"showFlares":true,"showImageEffects":true,"showParticleSystems":true},"in2DMode":false,"pivot":{"x":-15.290513038635254,"y":-2.5644209384918215,"z":-153.6132354736328},"rotation":{"x":-0.051066674292087558,"y":0.9468937516212463,"z":-0.1902790367603302,"w":-0.25412511825561526},"size":2.1916592121124269,"orthographic":false}