{"cameraMode":{"drawMode":0,"name":"Shaded","section":"Shading Mode"},"sceneLighting":false,"audioPlay":false,"sceneViewState":{"showFog":true,"showMaterialUpdate":true,"showSkybox":true,"showFlares":true,"showImageEffects":true,"showParticleSystems":true},"in2DMode":false,"pivot":{"x":-14.662973403930664,"y":-2.7910830974578859,"z":-150.4894256591797},"rotation":{"x":-0.18348558247089387,"y":0.053640786558389667,"z":-0.010027816519141198,"w":-0.981506884098053},"size":6.925678253173828,"orthographic":false}