{"cameraMode":{"drawMode":0,"name":"Shaded","section":"Shading Mode"},"sceneLighting":false,"audioPlay":false,"sceneViewState":{"showFog":true,"showMaterialUpdate":true,"showSkybox":false,"showFlares":true,"showImageEffects":true,"showParticleSystems":true},"in2DMode":false,"pivot":{"x":-3.5762786865234377e-7,"y":0.8014318943023682,"z":2.384185791015625e-7},"rotation":{"x":0.38096848130226138,"y":0.4510979652404785,"z":-0.22142605483531953,"w":0.7761212587356567},"size":8.568914413452149,"orthographic":false}