{"cameraMode":{"drawMode":0,"name":"Shaded","section":"Shading Mode"},"sceneLighting":false,"audioPlay":false,"sceneViewState":{"showFog":true,"showMaterialUpdate":true,"showSkybox":true,"showFlares":true,"showImageEffects":true,"showParticleSystems":true},"in2DMode":false,"pivot":{"x":-13.789155006408692,"y":-2.1493887901306154,"z":-48.1814079284668},"rotation":{"x":-0.16717788577079774,"y":0.06265632063150406,"z":-0.01064617931842804,"w":-0.9838780760765076},"size":9.519993782043457,"orthographic":false}