{"cameraMode":{"drawMode":0,"name":"Shaded","section":"Shading Mode"},"sceneLighting":false,"audioPlay":false,"sceneViewState":{"showFog":true,"showMaterialUpdate":true,"showSkybox":true,"showFlares":true,"showImageEffects":true,"showParticleSystems":true},"in2DMode":false,"pivot":{"x":-14.354742050170899,"y":-0.5410798788070679,"z":-156.24879455566407},"rotation":{"x":-0.05727745220065117,"y":0.005088735371828079,"z":-0.00029200853896327317,"w":-0.9983457922935486},"size":3.8293497562408449,"orthographic":false}