{"cameraMode":{"drawMode":0,"name":"Shaded","section":"Shading Mode"},"sceneLighting":false,"audioPlay":false,"sceneViewState":{"showFog":true,"showMaterialUpdate":true,"showSkybox":true,"showFlares":true,"showImageEffects":true,"showParticleSystems":true},"in2DMode":false,"pivot":{"x":-10.008306503295899,"y":-2.3953800201416017,"z":-47.57664489746094},"rotation":{"x":-0.1460116058588028,"y":-0.257373571395874,"z":0.03937496989965439,"w":-0.9544068574905396},"size":6.565853595733643,"orthographic":false}