{"cameraMode":{"drawMode":0,"name":"Shaded","section":"Shading Mode"},"sceneLighting":false,"audioPlay":false,"sceneViewState":{"showFog":true,"showMaterialUpdate":true,"showSkybox":true,"showFlares":true,"showImageEffects":true,"showParticleSystems":true},"in2DMode":false,"pivot":{"x":-18.49850082397461,"y":-0.0969696044921875,"z":-123.2129135131836},"rotation":{"x":-0.36933720111846926,"y":-0.007808784954249859,"z":0.0031033584382385017,"w":-0.9292582869529724},"size":35.7839469909668,"orthographic":false}