{"cameraMode":{"drawMode":0,"name":"Shaded","section":"Shading Mode"},"sceneLighting":false,"audioPlay":false,"sceneViewState":{"showFog":true,"showMaterialUpdate":true,"showSkybox":true,"showFlares":true,"showImageEffects":true,"showParticleSystems":true},"in2DMode":false,"pivot":{"x":-13.163540840148926,"y":-0.0406327098608017,"z":-36.52217102050781},"rotation":{"x":-0.23605327308177949,"y":-0.16321079432964326,"z":0.040254104882478717,"w":-0.9570939540863037},"size":3.075148105621338,"orthographic":false}