{"cameraMode":{"drawMode":0,"name":"Shaded","section":"Shading Mode"},"sceneLighting":false,"audioPlay":false,"sceneViewState":{"showFog":true,"showMaterialUpdate":true,"showSkybox":true,"showFlares":true,"showImageEffects":true,"showParticleSystems":true},"in2DMode":false,"pivot":{"x":-20.016979217529298,"y":-0.9060001373291016,"z":-50.61000061035156},"rotation":{"x":-0.16717788577079774,"y":0.06265632063150406,"z":-0.01064617931842804,"w":-0.9838780760765076},"size":2.5236589908599855,"orthographic":false}