{"cameraMode":{"drawMode":0,"name":"Shaded","section":"Shading Mode"},"sceneLighting":false,"audioPlay":false,"sceneViewState":{"showFog":true,"showMaterialUpdate":true,"showSkybox":true,"showFlares":true,"showImageEffects":true,"showParticleSystems":true},"in2DMode":false,"pivot":{"x":315.64996337890627,"y":5.2568817138671879,"z":1.5963172912597657},"rotation":{"x":0.10894127935171128,"y":0.6708479523658752,"z":-0.10056736320257187,"w":0.7266371846199036},"size":665.8551025390625,"orthographic":false}